,,,,,,,,,,,,,,,,,,,,,,,,,,,,,,,,,,,,,,,,,,,,,,,,,,,,,,,,,,,,,,,,,,,,,,,,
,,1,2,3,4,5,6,7,8,9,10,11,12,13,14,15,16,17,18,19,20,21,22,23,24,25,26,27,28,29,30,31,32,33,34,35,36,37,38,39,40,41,42,43,44,45,46,47,48,49,50,51,52,53,54,55,56,57,58,59,60,61,62,63,64,65,66,67,68,69,70,71
PR, Curitiba,"19,89","21,89","23,88","25,86","27,86","28,83","29,83","30,84","31,83","32,82","33,82","34,81","35,81","36,81","37,80","38,78","39,78","40,78","41,78","42,77","43,08","43,36","43,68","43,97","44,27","44,57","44,86","45,16","45,45","45,76","48,76","50,33","51,91","53,48","55,06","56,63","58,21","59,77","61,34","62,92","64,49","66,07","67,64","69,22","70,79","72,35","73,93","75,50","77,08","78,65","80,22","81,80","83,37","84,94","86,51","88,08","89,66","91,23","92,81","94,38","95,96","97,52","99,09","100,67","102,24","103,82","105,39","106,97","108,54","110,10","1,3790"
, Interior 0,"19,89","21,89","23,88","25,86","27,86","28,83","29,83","30,84","31,83","32,82","33,82","34,81","35,81","36,81","37,80","38,78","39,78","40,78","41,78","42,77","43,08","43,36","43,68","43,97","44,27","44,57","44,86","45,16","45,45","45,76","48,76","50,33","51,91","53,48","55,06","56,63","58,21","59,77","61,34","62,92","64,49","66,07","67,64","69,22","70,79","72,35","73,93","75,50","77,08","78,65","80,22","81,80","83,37","84,94","86,51","88,08","89,66","91,23","92,81","94,38","95,96","97,52","99,09","100,67","102,24","103,82","105,39","106,97","108,54","110,10","1,3790"
, Interior 1,"19,89","21,89","23,88","25,86","27,86","28,83","29,83","30,84","31,83","32,82","33,82","34,81","35,81","36,81","37,80","38,78","39,78","40,78","41,78","42,77","43,08","43,36","43,68","43,97","44,27","44,57","44,86","45,16","45,45","45,76","48,76","50,33","51,91","53,48","55,06","56,63","58,21","59,77","61,34","62,92","64,49","66,07","67,64","69,22","70,79","72,35","73,93","75,50","77,08","78,65","80,22","81,80","83,37","84,94","86,51","88,08","89,66","91,23","92,81","94,38","95,96","97,52","99,09","100,67","102,24","103,82","105,39","106,97","108,54","110,10","1,3790"
, Interior 2,"19,89","21,89","23,88","25,86","27,86","28,83","29,83","30,84","31,83","32,82","33,82","34,81","35,81","36,81","37,80","38,78","39,78","40,78","41,78","42,77","43,08","43,36","43,68","43,97","44,27","44,57","44,86","45,16","45,45","45,76","48,76","50,33","51,91","53,48","55,06","56,63","58,21","59,77","61,34","62,92","64,49","66,07","67,64","69,22","70,79","72,35","73,93","75,50","77,08","78,65","80,22","81,80","83,37","84,94","86,51","88,08","89,66","91,23","92,81","94,38","95,96","97,52","99,09","100,67","102,24","103,82","105,39","106,97","108,54","110,10","1,3790"
, Interior 3,"53,30","58,62","63,96","69,28","74,62","77,28","79,94","82,61","85,28","87,95","90,61","93,27","95,93","98,60","101,25","103,93","106,60","109,25","111,92","114,58","115,39","116,18","116,97","117,79","118,58","119,39","120,17","120,99","121,78","122,57","124,07","128,06","132,06","136,06","140,07","144,07","148,07","152,07","156,08","160,08","164,08","168,08","172,09","176,09","180,09","184,09","188,09","192,10","196,10","200,10","204,09","208,10","212,10","216,10","220,10","224,11","228,11","232,11","236,11","240,12","244,12","248,12","252,12","256,13","260,13","264,13","268,13","272,14","276,14","280,14","3,5280"
RS, Porto Alegre,"19,64","21,62","23,58","25,53","27,51","28,47","29,46","30,46","31,43","32,41","33,40","34,37","35,36","36,35","37,32","38,30","39,29","40,27","41,26","42,24","42,54","42,81","43,13","43,42","43,71","44,01","44,30","44,60","44,88","45,19","48,15","49,70","51,26","52,81","54,37","55,92","57,48","59,02","60,57","62,13","63,68","65,24","66,79","68,35","69,90","71,44","73,00","74,55","76,11","77,66","79,22","80,77","82,33","83,87","85,42","86,98","88,53","90,09","91,64","93,20","94,75","96,30","97,85","99,40","100,96","102,51","104,07","105,62","107,18","108,72","1,3617"
, Interior 0,"19,64","21,62","23,58","25,53","27,51","28,47","29,46","30,46","31,43","32,41","33,40","34,37","35,36","36,35","37,32","38,30","39,29","40,27","41,26","42,24","42,54","42,81","43,13","43,42","43,71","44,01","44,30","44,60","44,88","45,19","48,15","49,70","51,26","52,81","54,37","55,92","57,48","59,02","60,57","62,13","63,68","65,24","66,79","68,35","69,90","71,44","73,00","74,55","76,11","77,66","79,22","80,77","82,33","83,87","85,42","86,98","88,53","90,09","91,64","93,20","94,75","96,30","97,85","99,40","100,96","102,51","104,07","105,62","107,18","108,72","1,3617"
, Interior 1,"19,64","21,62","23,58","25,53","27,51","28,47","29,46","30,46","31,43","32,41","33,40","34,37","35,36","36,35","37,32","38,30","39,29","40,27","41,26","42,24","42,54","42,81","43,13","43,42","43,71","44,01","44,30","44,60","44,88","45,19","48,15","49,70","51,26","52,81","54,37","55,92","57,48","59,02","60,57","62,13","63,68","65,24","66,79","68,35","69,90","71,44","73,00","74,55","76,11","77,66","79,22","80,77","82,33","83,87","85,42","86,98","88,53","90,09","91,64","93,20","94,75","96,30","97,85","99,40","100,96","102,51","104,07","105,62","107,18","108,72","1,3617"
, Interior 2,"19,64","21,62","23,58","25,53","27,51","28,47","29,46","30,46","31,43","32,41","33,40","34,37","35,36","36,35","37,32","38,30","39,29","40,27","41,26","42,24","42,54","42,81","43,13","43,42","43,71","44,01","44,30","44,60","44,88","45,19","48,15","49,70","51,26","52,81","54,37","55,92","57,48","59,02","60,57","62,13","63,68","65,24","66,79","68,35","69,90","71,44","73,00","74,55","76,11","77,66","79,22","80,77","82,33","83,87","85,42","86,98","88,53","90,09","91,64","93,20","94,75","96,30","97,85","99,40","100,96","102,51","104,07","105,62","107,18","108,72","1,3617"
, Interior 3,"52,63","57,88","63,16","68,41","73,68","76,31","78,93","81,58","84,21","86,84","89,48","92,10","94,73","97,36","99,98","102,63","105,26","107,88","110,51","113,15","113,94","114,72","115,51","116,31","117,10","117,89","118,66","119,47","120,25","121,03","122,51","126,46","130,41","134,35","138,31","142,26","146,21","150,16","154,12","158,07","162,02","165,97","169,93","173,88","177,83","181,78","185,72","189,69","193,63","197,58","201,53","205,49","209,44","213,39","217,34","221,30","225,25","229,20","233,15","237,11","241,06","245,00","248,95","252,91","256,86","260,81","264,76","268,72","272,67","276,62","3,4837"
SC, Florianópolis,"19,64","21,62","23,58","25,53","27,51","28,47","29,46","30,46","31,43","32,41","33,40","34,37","35,36","36,35","37,32","38,30","39,29","40,27","41,26","42,24","42,54","42,81","43,13","43,42","43,71","44,01","44,30","44,60","44,88","45,19","48,15","49,70","51,26","52,81","54,37","55,92","57,48","59,02","60,57","62,13","63,68","65,24","66,79","68,35","69,90","71,44","73,00","74,55","76,11","77,66","79,22","80,77","82,33","83,87","85,42","86,98","88,53","90,09","91,64","93,20","94,75","96,30","97,85","99,40","100,96","102,51","104,07","105,62","107,18","108,72","1,3617"
, Interior 0,"19,64","21,62","23,58","25,53","27,51","28,47","29,46","30,46","31,43","32,41","33,40","34,37","35,36","36,35","37,32","38,30","39,29","40,27","41,26","42,24","42,54","42,81","43,13","43,42","43,71","44,01","44,30","44,60","44,88","45,19","48,15","49,70","51,26","52,81","54,37","55,92","57,48","59,02","60,57","62,13","63,68","65,24","66,79","68,35","69,90","71,44","73,00","74,55","76,11","77,66","79,22","80,77","82,33","83,87","85,42","86,98","88,53","90,09","91,64","93,20","94,75","96,30","97,85","99,40","100,96","102,51","104,07","105,62","107,18","108,72","1,3617"
, Interior 1,"19,64","21,62","23,58","25,53","27,51","28,47","29,46","30,46","31,43","32,41","33,40","34,37","35,36","36,35","37,32","38,30","39,29","40,27","41,26","42,24","42,54","42,81","43,13","43,42","43,71","44,01","44,30","44,60","44,88","45,19","48,15","49,70","51,26","52,81","54,37","55,92","57,48","59,02","60,57","62,13","63,68","65,24","66,79","68,35","69,90","71,44","73,00","74,55","76,11","77,66","79,22","80,77","82,33","83,87","85,42","86,98","88,53","90,09","91,64","93,20","94,75","96,30","97,85","99,40","100,96","102,51","104,07","105,62","107,18","108,72","1,3617"
, Interior 2,"19,64","21,62","23,58","25,53","27,51","28,47","29,46","30,46","31,43","32,41","33,40","34,37","35,36","36,35","37,32","38,30","39,29","40,27","41,26","42,24","42,54","42,81","43,13","43,42","43,71","44,01","44,30","44,60","44,88","45,19","48,15","49,70","51,26","52,81","54,37","55,92","57,48","59,02","60,57","62,13","63,68","65,24","66,79","68,35","69,90","71,44","73,00","74,55","76,11","77,66","79,22","80,77","82,33","83,87","85,42","86,98","88,53","90,09","91,64","93,20","94,75","96,30","97,85","99,40","100,96","102,51","104,07","105,62","107,18","108,72","1,3617"
, Interior 3,"52,63","57,88","63,16","68,41","73,68","76,31","78,93","81,58","84,21","86,84","89,48","92,10","94,73","97,36","99,98","102,63","105,26","107,88","110,51","113,15","113,94","114,72","115,51","116,31","117,10","117,89","118,66","119,47","120,25","121,03","122,51","126,46","130,41","134,35","138,31","142,26","146,21","150,16","154,12","158,07","162,02","165,97","169,93","173,88","177,83","181,78","185,72","189,69","193,63","197,58","201,53","205,49","209,44","213,39","217,34","221,30","225,25","229,20","233,15","237,11","241,06","245,00","248,95","252,91","256,86","260,81","264,76","268,72","272,67","276,62","3,4837"
ES, Vitória,"19,58","21,54","23,51","25,47","27,42","28,40","29,38","30,37","31,35","32,32","33,30","34,28","35,26","36,24","37,23","38,21","39,18","40,16","41,14","42,12","42,42","42,71","43,00","43,29","43,59","43,88","44,18","44,48","44,76","45,05","49,50","51,10","52,70","54,29","55,89","57,49","59,09","60,68","62,28","63,88","65,48","67,07","68,67","70,27","71,87","73,45","75,05","76,65","78,25","79,84","81,44","83,04","84,64","86,23","87,83","89,43","91,03","92,62","94,22","95,82","97,42","99,00","100,60","102,20","103,80","105,39","106,99","108,59","110,19","111,78","1,4195"
, Interior 0,"19,58","21,54","23,51","25,47","27,42","28,40","29,38","30,37","31,35","32,32","33,30","34,28","35,26","36,24","37,23","38,21","39,18","40,16","41,14","42,12","42,42","42,71","43,00","43,29","43,59","43,88","44,18","44,48","44,76","45,05","49,50","51,10","52,70","54,29","55,89","57,49","59,09","60,68","62,28","63,88","65,48","67,07","68,67","70,27","71,87","73,45","75,05","76,65","78,25","79,84","81,44","83,04","84,64","86,23","87,83","89,43","91,03","92,62","94,22","95,82","97,42","99,00","100,60","102,20","103,80","105,39","106,99","108,59","110,19","111,78","1,4195"
, Interior 1,"22,70","24,99","27,25","29,52","31,79","32,92","34,07","35,21","36,32","37,47","38,61","39,75","40,87","42,01","43,15","44,29","45,41","46,55","47,69","48,83","49,16","49,51","49,84","50,18","50,53","50,87","51,19","51,55","51,88","52,23","55,33","57,11","58,90","60,68","62,47","64,25","66,04","67,82","69,60","71,39","73,17","74,96","76,74","78,52","80,31","82,09","83,89","85,67","87,46","89,24","91,02","92,81","94,59","96,38","98,16","99,94","101,73","103,51","105,30","107,08","108,87","110,65","112,43","114,22","116,00","117,80","119,58","121,37","123,15","124,93","1,7237"
, Interior 2,"22,70","24,99","27,25","29,52","31,79","32,92","34,07","35,21","36,32","37,47","38,61","39,75","40,87","42,01","43,15","44,29","45,41","46,55","47,69","48,83","49,16","49,51","49,84","50,18","50,53","50,87","51,19","51,55","51,88","52,23","55,33","57,11","58,90","60,68","62,47","64,25","66,04","67,82","69,60","71,39","73,17","74,96","76,74","78,52","80,31","82,09","83,89","85,67","87,46","89,24","91,02","92,81","94,59","96,38","98,16","99,94","101,73","103,51","105,30","107,08","108,87","110,65","112,43","114,22","116,00","117,80","119,58","121,37","123,15","124,93","1,7237"
, Interior 3,"52,25","57,47","62,71","67,92","73,15","75,76","78,37","80,99","83,60","86,22","88,83","91,43","94,05","96,66","99,26","101,89","104,50","107,10","109,72","112,33","113,12","113,90","114,68","115,48","116,25","117,04","117,81","118,61","119,38","120,16","121,63","125,55","129,47","133,39","137,32","141,24","145,16","149,08","153,01","156,93","160,85","164,78","168,71","172,63","176,55","180,47","184,39","188,32","192,24","196,16","200,08","204,01","207,93","211,86","215,78","219,71","223,63","227,55","231,47","235,40","239,32","243,24","247,16","251,09","255,01","258,94","262,86","266,79","270,71","274,63","3,4586"
MG, Belo Horizonte,"19,72","21,70","23,68","25,66","27,62","28,61","29,59","30,59","31,58","32,56","33,54","34,53","35,52","36,50","37,50","38,49","39,47","40,45","41,44","42,43","42,72","43,02","43,31","43,61","43,90","44,20","44,50","44,80","45,08","45,38","49,86","51,47","53,08","54,68","56,30","57,91","59,52","61,12","62,73","64,34","65,95","67,55","69,16","70,77","72,39","73,99","75,60","77,21","78,82","80,42","82,03","83,64","85,25","86,85","88,47","90,08","91,69","93,29","94,90","96,51","98,12","99,72","101,33","102,94","104,56","106,16","107,77","109,38","110,99","112,59","1,4298"
, Interior 0,"19,72","21,70","23,68","25,66","27,62","28,61","29,59","30,59","31,58","32,56","33,54","34,53","35,52","36,50","37,50","38,49","39,47","40,45","41,44","42,43","42,72","43,02","43,31","43,61","43,90","44,20","44,50","44,80","45,08","45,38","49,86","51,47","53,08","54,68","56,30","57,91","59,52","61,12","62,73","64,34","65,95","67,55","69,16","70,77","72,39","73,99","75,60","77,21","78,82","80,42","82,03","83,64","85,25","86,85","88,47","90,08","91,69","93,29","94,90","96,51","98,12","99,72","101,33","102,94","104,56","106,16","107,77","109,38","110,99","112,59","1,4298"
, Interior 1,"22,87","25,17","27,45","29,73","32,02","33,16","34,31","35,46","36,58","37,74","38,89","40,03","41,17","42,31","43,46","44,61","45,74","46,89","48,03","49,18","49,52","49,87","50,20","50,54","50,89","51,23","51,56","51,93","52,26","52,61","55,73","57,52","59,32","61,12","62,92","64,71","66,52","68,31","70,10","71,91","73,70","75,51","77,30","79,09","80,90","82,69","84,49","86,29","88,09","89,88","91,68","93,48","95,27","97,08","98,87","100,66","102,47","104,26","106,07","107,86","109,66","111,46","113,25","115,05","116,85","118,65","120,44","122,25","124,04","125,83","1,7362"
, Interior 2,"22,87","25,17","27,45","29,73","32,02","33,16","34,31","35,46","36,58","37,74","38,89","40,03","41,17","42,31","43,46","44,61","45,74","46,89","48,03","49,18","49,52","49,87","50,20","50,54","50,89","51,23","51,56","51,93","52,26","52,61","55,73","57,52","59,32","61,12","62,92","64,71","66,52","68,31","70,10","71,91","73,70","75,51","77,30","79,09","80,90","82,69","84,49","86,29","88,09","89,88","91,68","93,48","95,27","97,08","98,87","100,66","102,47","104,26","106,07","107,86","109,66","111,46","113,25","115,05","116,85","118,65","120,44","122,25","124,04","125,83","1,7362"
, Interior 3,"52,63","57,88","63,16","68,41","73,68","76,31","78,93","81,58","84,21","86,84","89,48","92,10","94,73","97,36","99,98","102,63","105,26","107,88","110,51","113,15","113,94","114,72","115,51","116,31","117,10","117,89","118,66","119,47","120,25","121,03","122,51","126,46","130,41","134,35","138,31","142,26","146,21","150,16","154,12","158,07","162,02","165,97","169,93","173,88","177,83","181,78","185,72","189,69","193,63","197,58","201,53","205,49","209,44","213,39","217,34","221,30","225,25","229,20","233,15","237,11","241,06","245,00","248,95","252,91","256,86","260,81","264,76","268,72","272,67","276,62","3,4837"
RJ, Rio De Janeiro,"22,87","25,17","27,45","29,73","32,02","33,16","34,31","35,46","36,58","37,74","38,89","40,03","41,17","42,31","43,46","44,61","45,74","46,89","48,03","49,18","49,52","49,87","50,20","50,54","50,89","51,23","51,56","51,93","52,26","52,61","55,73","57,52","59,32","61,12","62,92","64,71","66,52","68,31","70,10","71,91","73,70","75,51","77,30","79,09","80,90","82,69","84,49","86,29","88,09","89,88","91,68","93,48","95,27","97,08","98,87","100,66","102,47","104,26","106,07","107,86","109,66","111,46","113,25","115,05","116,85","118,65","120,44","122,25","124,04","125,83","1,7362"
, Interior 0,"22,87","25,17","27,45","29,73","32,02","33,16","34,31","35,46","36,58","37,74","38,89","40,03","41,17","42,31","43,46","44,61","45,74","46,89","48,03","49,18","49,52","49,87","50,20","50,54","50,89","51,23","51,56","51,93","52,26","52,61","55,73","57,52","59,32","61,12","62,92","64,71","66,52","68,31","70,10","71,91","73,70","75,51","77,30","79,09","80,90","82,69","84,49","86,29","88,09","89,88","91,68","93,48","95,27","97,08","98,87","100,66","102,47","104,26","106,07","107,86","109,66","111,46","113,25","115,05","116,85","118,65","120,44","122,25","124,04","125,83","1,7362"
, Interior 1,"22,87","25,17","27,45","29,73","32,02","33,16","34,31","35,46","36,58","37,74","38,89","40,03","41,17","42,31","43,46","44,61","45,74","46,89","48,03","49,18","49,52","49,87","50,20","50,54","50,89","51,23","51,56","51,93","52,26","52,61","55,73","57,52","59,32","61,12","62,92","64,71","66,52","68,31","70,10","71,91","73,70","75,51","77,30","79,09","80,90","82,69","84,49","86,29","88,09","89,88","91,68","93,48","95,27","97,08","98,87","100,66","102,47","104,26","106,07","107,86","109,66","111,46","113,25","115,05","116,85","118,65","120,44","122,25","124,04","125,83","1,7362"
, Interior 2,"22,87","25,17","27,45","29,73","32,02","33,16","34,31","35,46","36,58","37,74","38,89","40,03","41,17","42,31","43,46","44,61","45,74","46,89","48,03","49,18","49,52","49,87","50,20","50,54","50,89","51,23","51,56","51,93","52,26","52,61","55,73","57,52","59,32","61,12","62,92","64,71","66,52","68,31","70,10","71,91","73,70","75,51","77,30","79,09","80,90","82,69","84,49","86,29","88,09","89,88","91,68","93,48","95,27","97,08","98,87","100,66","102,47","104,26","106,07","107,86","109,66","111,46","113,25","115,05","116,85","118,65","120,44","122,25","124,04","125,83","1,7362"
SP, São Paulo,"19,72","21,70","23,68","25,66","27,62","28,61","29,59","30,59","31,58","32,56","33,54","34,53","35,52","36,50","37,50","38,49","39,47","40,45","41,44","42,43","42,72","43,02","43,31","43,61","43,90","44,20","44,50","44,80","45,08","45,38","49,86","51,47","53,08","54,68","56,30","57,91","59,52","61,12","62,73","64,34","65,95","67,55","69,16","70,77","72,39","73,99","75,60","77,21","78,82","80,42","82,03","83,64","85,25","86,85","88,47","90,08","91,69","93,29","94,90","96,51","98,12","99,72","101,33","102,94","104,56","106,16","107,77","109,38","110,99","112,59","1,4298"
, Interior 0,"19,72","21,70","23,68","25,66","27,62","28,61","29,59","30,59","31,58","32,56","33,54","34,53","35,52","36,50","37,50","38,49","39,47","40,45","41,44","42,43","42,72","43,02","43,31","43,61","43,90","44,20","44,50","44,80","45,08","45,38","49,86","51,47","53,08","54,68","56,30","57,91","59,52","61,12","62,73","64,34","65,95","67,55","69,16","70,77","72,39","73,99","75,60","77,21","78,82","80,42","82,03","83,64","85,25","86,85","88,47","90,08","91,69","93,29","94,90","96,51","98,12","99,72","101,33","102,94","104,56","106,16","107,77","109,38","110,99","112,59","1,4298"
, Interior 1,"23,27","25,60","27,94","30,26","32,58","33,75","34,92","36,07","37,24","38,41","39,57","40,73","41,90","43,06","44,23","45,38","46,56","47,72","48,87","50,04","50,39","50,73","51,10","51,44","51,80","52,13","52,48","52,83","53,19","53,54","56,93","58,77","60,61","62,45","64,28","66,11","67,95","69,79","71,63","73,46","75,30","77,13","78,97","80,81","82,64","84,48","86,32","88,16","89,99","91,82","93,66","95,50","97,34","99,18","101,00","102,84","104,68","106,52","108,36","110,20","112,03","113,86","115,70","117,54","119,38","121,21","123,05","124,88","126,72","128,56","1,6113"
, Interior 2,"23,27","25,60","27,94","30,26","32,58","33,75","34,92","36,07","37,24","38,41","39,57","40,73","41,90","43,06","44,23","45,38","46,56","47,72","48,87","50,04","50,39","50,73","51,10","51,44","51,80","52,13","52,48","52,83","53,19","53,54","56,93","58,77","60,61","62,45","64,28","66,11","67,95","69,79","71,63","73,46","75,30","77,13","78,97","80,81","82,64","84,48","86,32","88,16","89,99","91,82","93,66","95,50","97,34","99,18","101,00","102,84","104,68","106,52","108,36","110,20","112,03","113,86","115,70","117,54","119,38","121,21","123,05","124,88","126,72","128,56","1,6113"
, Interior 3,"52,63","57,88","63,16","68,41","73,68","76,31","78,93","81,58","84,21","86,84","89,48","92,10","94,73","97,36","99,98","102,63","105,26","107,88","110,51","113,15","113,94","114,72","115,51","116,31","117,10","117,89","118,66","119,47","120,25","121,03","122,51","126,46","130,41","134,35","138,31","142,26","146,21","150,16","154,12","158,07","162,02","165,97","169,93","173,88","177,83","181,78","185,72","189,69","193,63","197,58","201,53","205,49","209,44","213,39","217,34","221,30","225,25","229,20","233,15","237,11","241,06","245,00","248,95","252,91","256,86","260,81","264,76","268,72","272,67","276,62","3,4837"
DF, Brasília,"27,62","30,38","33,16","35,92","38,68","40,06","41,45","42,82","44,21","45,58","46,97","48,35","49,73","51,10","52,50","53,86","55,25","56,62","58,02","59,39","59,81","60,23","60,63","61,05","61,47","61,88","62,29","62,71","63,12","63,55","71,01","73,30","75,59","77,88","80,17","82,47","84,75","87,04","89,34","91,63","93,91","96,21","98,50","100,78","103,07","105,37","107,66","109,94","112,24","114,53","116,82","119,11","121,40","123,69","125,99","128,27","130,56","132,86","135,15","137,43","139,73","142,02","144,30","146,60","148,89","151,18","153,48","155,76","158,05","160,35","2,0955"
, Interior 0,"27,62","30,38","33,16","35,92","38,68","40,06","41,45","42,82","44,21","45,58","46,97","48,35","49,73","51,10","52,50","53,86","55,25","56,62","58,02","59,39","59,81","60,23","60,63","61,05","61,47","61,88","62,29","62,71","63,12","63,55","71,01","73,30","75,59","77,88","80,17","82,47","84,75","87,04","89,34","91,63","93,91","96,21","98,50","100,78","103,07","105,37","107,66","109,94","112,24","114,53","116,82","119,11","121,40","123,69","125,99","128,27","130,56","132,86","135,15","137,43","139,73","142,02","144,30","146,60","148,89","151,18","153,48","155,76","158,05","160,35","2,0955"
, Interior 2,"27,62","30,38","33,16","35,92","38,68","40,06","41,45","42,82","44,21","45,58","46,97","48,35","49,73","51,10","52,50","53,86","55,25","56,62","58,02","59,39","59,81","60,23","60,63","61,05","61,47","61,88","62,29","62,71","63,12","63,55","71,01","73,30","75,59","77,88","80,17","82,47","84,75","87,04","89,34","91,63","93,91","96,21","98,50","100,78","103,07","105,37","107,66","109,94","112,24","114,53","116,82","119,11","121,40","123,69","125,99","128,27","130,56","132,86","135,15","137,43","139,73","142,02","144,30","146,60","148,89","151,18","153,48","155,76","158,05","160,35","2,0955"
GO, Goiânia,"27,62","30,38","33,16","35,92","38,68","40,06","41,45","42,82","44,21","45,58","46,97","48,35","49,73","51,10","52,50","53,86","55,25","56,62","58,02","59,39","59,81","60,23","60,63","61,05","61,47","61,88","62,29","62,71","63,12","63,55","71,01","73,30","75,59","77,88","80,17","82,47","84,75","87,04","89,34","91,63","93,91","96,21","98,50","100,78","103,07","105,37","107,66","109,94","112,24","114,53","116,82","119,11","121,40","123,69","125,99","128,27","130,56","132,86","135,15","137,43","139,73","142,02","144,30","146,60","148,89","151,18","153,48","155,76","158,05","160,35","2,0955"
, Interior 0,"27,62","30,38","33,16","35,92","38,68","40,06","41,45","42,82","44,21","45,58","46,97","48,35","49,73","51,10","52,50","53,86","55,25","56,62","58,02","59,39","59,81","60,23","60,63","61,05","61,47","61,88","62,29","62,71","63,12","63,55","71,01","73,30","75,59","77,88","80,17","82,47","84,75","87,04","89,34","91,63","93,91","96,21","98,50","100,78","103,07","105,37","107,66","109,94","112,24","114,53","116,82","119,11","121,40","123,69","125,99","128,27","130,56","132,86","135,15","137,43","139,73","142,02","144,30","146,60","148,89","151,18","153,48","155,76","158,05","160,35","2,0955"
, Interior 2,"31,78","34,97","38,14","41,32","44,49","46,09","47,68","49,25","50,85","52,43","54,03","55,61","57,21","58,79","60,39","61,97","63,56","65,15","66,75","68,33","68,80","69,27","69,76","70,23","70,70","71,18","71,66","72,14","72,61","73,10","87,84","90,67","93,51","96,35","99,17","102,01","104,84","107,68","110,51","113,35","116,17","119,01","121,84","124,68","127,51","130,35","133,17","136,01","138,84","141,68","144,51","147,35","150,17","153,01","155,84","158,68","161,51","164,35","167,17","170,01","172,84","175,68","178,51","181,35","184,19","187,01","189,85","192,68","195,52","198,35","2,6024"
, Interior 3,"52,25","57,47","62,71","67,92","73,15","75,76","78,37","80,99","83,60","86,22","88,83","91,43","94,05","96,66","99,26","101,89","104,50","107,10","109,72","112,33","113,12","113,90","114,68","115,48","116,25","117,04","117,81","118,61","119,38","120,16","121,63","125,55","129,47","133,39","137,32","141,24","145,16","149,08","153,01","156,93","160,85","164,78","168,71","172,63","176,55","180,47","184,39","188,32","192,24","196,16","200,08","204,01","207,93","211,86","215,78","219,71","223,63","227,55","231,47","235,40","239,32","243,24","247,16","251,09","255,01","258,94","262,86","266,79","270,71","274,63","3,4586"
MS, Campo Grande,"27,62","30,38","33,16","35,92","38,68","40,06","41,45","42,82","44,21","45,58","46,97","48,35","49,73","51,10","52,50","53,86","55,25","56,62","58,02","59,39","59,81","60,23","60,63","61,05","61,47","61,88","62,29","62,71","63,12","63,55","71,01","73,30","75,59","77,88","80,17","82,47","84,75","87,04","89,34","91,63","93,91","96,21","98,50","100,78","103,07","105,37","107,66","109,94","112,24","114,53","116,82","119,11","121,40","123,69","125,99","128,27","130,56","132,86","135,15","137,43","139,73","142,02","144,30","146,60","148,89","151,18","153,48","155,76","158,05","160,35","2,0955"
, Interior 0,"27,62","30,38","33,16","35,92","38,68","40,06","41,45","42,82","44,21","45,58","46,97","48,35","49,73","51,10","52,50","53,86","55,25","56,62","58,02","59,39","59,81","60,23","60,63","61,05","61,47","61,88","62,29","62,71","63,12","63,55","71,01","73,30","75,59","77,88","80,17","82,47","84,75","87,04","89,34","91,63","93,91","96,21","98,50","100,78","103,07","105,37","107,66","109,94","112,24","114,53","116,82","119,11","121,40","123,69","125,99","128,27","130,56","132,86","135,15","137,43","139,73","142,02","144,30","146,60","148,89","151,18","153,48","155,76","158,05","160,35","2,0955"
, Interior 1,"31,78","34,97","38,14","41,32","44,49","46,09","47,68","49,25","50,85","52,43","54,03","55,61","57,21","58,79","60,39","61,97","63,56","65,15","66,75","68,33","68,80","69,27","69,76","70,23","70,70","71,18","71,66","72,14","72,61","73,10","87,84","90,67","93,51","96,35","99,17","102,01","104,84","107,68","110,51","113,35","116,17","119,01","121,84","124,68","127,51","130,35","133,17","136,01","138,84","141,68","144,51","147,35","150,17","153,01","155,84","158,68","161,51","164,35","167,17","170,01","172,84","175,68","178,51","181,35","184,19","187,01","189,85","192,68","195,52","198,35","2,6024"
, Interior 2,"31,78","34,97","38,14","41,32","44,49","46,09","47,68","49,25","50,85","52,43","54,03","55,61","57,21","58,79","60,39","61,97","63,56","65,15","66,75","68,33","68,80","69,27","69,76","70,23","70,70","71,18","71,66","72,14","72,61","73,10","87,84","90,67","93,51","96,35","99,17","102,01","104,84","107,68","110,51","113,35","116,17","119,01","121,84","124,68","127,51","130,35","133,17","136,01","138,84","141,68","144,51","147,35","150,17","153,01","155,84","158,68","161,51","164,35","167,17","170,01","172,84","175,68","178,51","181,35","184,19","187,01","189,85","192,68","195,52","198,35","2,6024"
, Interior 3,"52,25","57,47","62,71","67,92","73,15","75,76","78,37","80,99","83,60","86,22","88,83","91,43","94,05","96,66","99,26","101,89","104,50","107,10","109,72","112,33","113,12","113,90","114,68","115,48","116,25","117,04","117,81","118,61","119,38","120,16","121,63","125,55","129,47","133,39","137,32","141,24","145,16","149,08","153,01","156,93","160,85","164,78","168,71","172,63","176,55","180,47","184,39","188,32","192,24","196,16","200,08","204,01","207,93","211,86","215,78","219,71","223,63","227,55","231,47","235,40","239,32","243,24","247,16","251,09","255,01","258,94","262,86","266,79","270,71","274,63","3,4586"
MT, Cuiabá,"27,62","30,38","33,16","35,92","38,68","40,06","41,45","42,82","44,21","45,58","46,97","48,35","49,73","51,10","52,50","53,86","55,25","56,62","58,02","59,39","59,81","60,23","60,63","61,05","61,47","61,88","62,29","62,71","63,12","63,55","71,01","73,30","75,59","77,88","80,17","82,47","84,75","87,04","89,34","91,63","93,91","96,21","98,50","100,78","103,07","105,37","107,66","109,94","112,24","114,53","116,82","119,11","121,40","123,69","125,99","128,27","130,56","132,86","135,15","137,43","139,73","142,02","144,30","146,60","148,89","151,18","153,48","155,76","158,05","160,35","2,0955"
, Interior 0,"27,62","30,38","33,16","35,92","38,68","40,06","41,45","42,82","44,21","45,58","46,97","48,35","49,73","51,10","52,50","53,86","55,25","56,62","58,02","59,39","59,81","60,23","60,63","61,05","61,47","61,88","62,29","62,71","63,12","63,55","71,01","73,30","75,59","77,88","80,17","82,47","84,75","87,04","89,34","91,63","93,91","96,21","98,50","100,78","103,07","105,37","107,66","109,94","112,24","114,53","116,82","119,11","121,40","123,69","125,99","128,27","130,56","132,86","135,15","137,43","139,73","142,02","144,30","146,60","148,89","151,18","153,48","155,76","158,05","160,35","2,0955"
, Interior 2,"31,78","34,97","38,14","41,32","44,49","46,09","47,68","49,25","50,85","52,43","54,03","55,61","57,21","58,79","60,39","61,97","63,56","65,15","66,75","68,33","68,80","69,27","69,76","70,23","70,70","71,18","71,66","72,14","72,61","73,10","87,84","90,67","93,51","96,35","99,17","102,01","104,84","107,68","110,51","113,35","116,17","119,01","121,84","124,68","127,51","130,35","133,17","136,01","138,84","141,68","144,51","147,35","150,17","153,01","155,84","158,68","161,51","164,35","167,17","170,01","172,84","175,68","178,51","181,35","184,19","187,01","189,85","192,68","195,52","198,35","2,6024"
, Interior 3,"52,25","57,47","62,71","67,92","73,15","75,76","78,37","80,99","83,60","86,22","88,83","91,43","94,05","96,66","99,26","101,89","104,50","107,10","109,72","112,33","113,12","113,90","114,68","115,48","116,25","117,04","117,81","118,61","119,38","120,16","121,63","125,55","129,47","133,39","137,32","141,24","145,16","149,08","153,01","156,93","160,85","164,78","168,71","172,63","176,55","180,47","184,39","188,32","192,24","196,16","200,08","204,01","207,93","211,86","215,78","219,71","223,63","227,55","231,47","235,40","239,32","243,24","247,16","251,09","255,01","258,94","262,86","266,79","270,71","274,63","3,4586"
TO, Palmas,"35,65","39,21","42,75","46,33","49,89","51,68","53,46","55,25","57,03","58,81","60,59","62,37","64,16","65,93","67,70","69,48","71,27","73,05","74,83","76,61","77,16","77,68","78,22","78,76","79,29","79,82","80,36","80,91","81,43","81,96","96,85","99,98","103,11","106,23","109,36","112,48","115,60","118,73","121,85","124,97","128,09","131,23","134,35","137,47","140,60","143,72","146,84","149,97","153,09","156,21","159,34","162,47","165,59","168,72","171,84","174,96","178,09","181,21","184,33","187,46","190,59","193,71","196,84","199,96","203,08","206,21","209,33","212,45","215,58","218,70","2,8841"
, Interior 0,"35,65","39,21","42,75","46,33","49,89","51,68","53,46","55,25","57,03","58,81","60,59","62,37","64,16","65,93","67,70","69,48","71,27","73,05","74,83","76,61","77,16","77,68","78,22","78,76","79,29","79,82","80,36","80,91","81,43","81,96","96,85","99,98","103,11","106,23","109,36","112,48","115,60","118,73","121,85","124,97","128,09","131,23","134,35","137,47","140,60","143,72","146,84","149,97","153,09","156,21","159,34","162,47","165,59","168,72","171,84","174,96","178,09","181,21","184,33","187,46","190,59","193,71","196,84","199,96","203,08","206,21","209,33","212,45","215,58","218,70","2,8841"
, Interior 1,"35,65","39,21","42,75","46,33","49,89","51,68","53,46","55,25","57,03","58,81","60,59","62,37","64,16","65,93","67,70","69,48","71,27","73,05","74,83","76,61","77,16","77,68","78,22","78,76","79,29","79,82","80,36","80,91","81,43","81,96","96,85","99,98","103,11","106,23","109,36","112,48","115,60","118,73","121,85","124,97","128,09","131,23","134,35","137,47","140,60","143,72","146,84","149,97","153,09","156,21","159,34","162,47","165,59","168,72","171,84","174,96","178,09","181,21","184,33","187,46","190,59","193,71","196,84","199,96","203,08","206,21","209,33","212,45","215,58","218,70","2,8841"
, Interior 2,"35,65","39,21","42,75","46,33","49,89","51,68","53,46","55,25","57,03","58,81","60,59","62,37","64,16","65,93","67,70","69,48","71,27","73,05","74,83","76,61","77,16","77,68","78,22","78,76","79,29","79,82","80,36","80,91","81,43","81,96","96,85","99,98","103,11","106,23","109,36","112,48","115,60","118,73","121,85","124,97","128,09","131,23","134,35","137,47","140,60","143,72","146,84","149,97","153,09","156,21","159,34","162,47","165,59","168,72","171,84","174,96","178,09","181,21","184,33","187,46","190,59","193,71","196,84","199,96","203,08","206,21","209,33","212,45","215,58","218,70","2,8841"
, Interior 3,"52,25","57,47","62,71","67,92","73,15","75,76","78,37","80,99","83,60","86,22","88,83","91,43","94,05","96,66","99,26","101,89","104,50","107,10","109,72","112,33","113,12","113,90","114,68","115,48","116,25","117,04","117,81","118,61","119,38","120,16","121,63","125,55","129,47","133,39","137,32","141,24","145,16","149,08","153,01","156,93","160,85","164,78","168,71","172,63","176,55","180,47","184,39","188,32","192,24","196,16","200,08","204,01","207,93","211,86","215,78","219,71","223,63","227,55","231,47","235,40","239,32","243,24","247,16","251,09","255,01","258,94","262,86","266,79","270,71","274,63","3,4586"
AL,  Maceió,"31,78","34,97","38,14","41,32","44,49","46,09","47,68","49,25","50,85","52,43","54,03","55,61","57,21","58,79","60,39","61,97","63,56","65,15","66,75","68,33","68,80","69,27","69,76","70,23","70,70","71,18","71,66","72,14","72,61","73,10","87,84","90,67","93,51","96,35","99,17","102,01","104,84","107,68","110,51","113,35","116,17","119,01","121,84","124,68","127,51","130,35","133,17","136,01","138,84","141,68","144,51","147,35","150,17","153,01","155,84","158,68","161,51","164,35","167,17","170,01","172,84","175,68","178,51","181,35","184,19","187,01","189,85","192,68","195,52","198,35","2,6024"
, Interior 0,"31,78","34,97","38,14","41,32","44,49","46,09","47,68","49,25","50,85","52,43","54,03","55,61","57,21","58,79","60,39","61,97","63,56","65,15","66,75","68,33","68,80","69,27","69,76","70,23","70,70","71,18","71,66","72,14","72,61","73,10","87,84","90,67","93,51","96,35","99,17","102,01","104,84","107,68","110,51","113,35","116,17","119,01","121,84","124,68","127,51","130,35","133,17","136,01","138,84","141,68","144,51","147,35","150,17","153,01","155,84","158,68","161,51","164,35","167,17","170,01","172,84","175,68","178,51","181,35","184,19","187,01","189,85","192,68","195,52","198,35","2,6024"
, Interior 2,"31,78","34,97","38,14","41,32","44,49","46,09","47,68","49,25","50,85","52,43","54,03","55,61","57,21","58,79","60,39","61,97","63,56","65,15","66,75","68,33","68,80","69,27","69,76","70,23","70,70","71,18","71,66","72,14","72,61","73,10","87,84","90,67","93,51","96,35","99,17","102,01","104,84","107,68","110,51","113,35","116,17","119,01","121,84","124,68","127,51","130,35","133,17","136,01","138,84","141,68","144,51","147,35","150,17","153,01","155,84","158,68","161,51","164,35","167,17","170,01","172,84","175,68","178,51","181,35","184,19","187,01","189,85","192,68","195,52","198,35","2,6024"
, Interior 3,"52,25","57,47","62,71","67,92","73,15","75,76","78,37","80,99","83,60","86,22","88,83","91,43","94,05","96,66","99,26","101,89","104,50","107,10","109,72","112,33","113,12","113,90","114,68","115,48","116,25","117,04","117,81","118,61","119,38","120,16","121,63","125,55","129,47","133,39","137,32","141,24","145,16","149,08","153,01","156,93","160,85","164,78","168,71","172,63","176,55","180,47","184,39","188,32","192,24","196,16","200,08","204,01","207,93","211,86","215,78","219,71","223,63","227,55","231,47","235,40","239,32","243,24","247,16","251,09","255,01","258,94","262,86","266,79","270,71","274,63","3,4586"
BA, Salvador,"27,62","30,38","33,16","35,92","38,68","40,06","41,45","42,82","44,21","45,58","46,97","48,35","49,73","51,10","52,50","53,86","55,25","56,62","58,02","59,39","59,81","60,23","60,63","61,05","61,47","61,88","62,29","62,71","63,12","63,55","71,01","73,30","75,59","77,88","80,17","82,47","84,75","87,04","89,34","91,63","93,91","96,21","98,50","100,78","103,07","105,37","107,66","109,94","112,24","114,53","116,82","119,11","121,40","123,69","125,99","128,27","130,56","132,86","135,15","137,43","139,73","142,02","144,30","146,60","148,89","151,18","153,48","155,76","158,05","160,35","2,0955"
, Interior 0,"27,62","30,38","33,16","35,92","38,68","40,06","41,45","42,82","44,21","45,58","46,97","48,35","49,73","51,10","52,50","53,86","55,25","56,62","58,02","59,39","59,81","60,23","60,63","61,05","61,47","61,88","62,29","62,71","63,12","63,55","71,01","73,30","75,59","77,88","80,17","82,47","84,75","87,04","89,34","91,63","93,91","96,21","98,50","100,78","103,07","105,37","107,66","109,94","112,24","114,53","116,82","119,11","121,40","123,69","125,99","128,27","130,56","132,86","135,15","137,43","139,73","142,02","144,30","146,60","148,89","151,18","153,48","155,76","158,05","160,35","2,0955"
, Interior 1,"31,78","34,97","38,14","41,32","44,49","46,09","47,68","49,25","50,85","52,43","54,03","55,61","57,21","58,79","60,39","61,97","63,56","65,15","66,75","68,33","68,80","69,27","69,76","70,23","70,70","71,18","71,66","72,14","72,61","73,10","87,84","90,67","93,51","96,35","99,17","102,01","104,84","107,68","110,51","113,35","116,17","119,01","121,84","124,68","127,51","130,35","133,17","136,01","138,84","141,68","144,51","147,35","150,17","153,01","155,84","158,68","161,51","164,35","167,17","170,01","172,84","175,68","178,51","181,35","184,19","187,01","189,85","192,68","195,52","198,35","2,6024"
, Interior 2,"31,78","34,97","38,14","41,32","44,49","46,09","47,68","49,25","50,85","52,43","54,03","55,61","57,21","58,79","60,39","61,97","63,56","65,15","66,75","68,33","68,80","69,27","69,76","70,23","70,70","71,18","71,66","72,14","72,61","73,10","87,84","90,67","93,51","96,35","99,17","102,01","104,84","107,68","110,51","113,35","116,17","119,01","121,84","124,68","127,51","130,35","133,17","136,01","138,84","141,68","144,51","147,35","150,17","153,01","155,84","158,68","161,51","164,35","167,17","170,01","172,84","175,68","178,51","181,35","184,19","187,01","189,85","192,68","195,52","198,35","2,6024"
, Interior 3,"52,25","57,47","62,71","67,92","73,15","75,76","78,37","80,99","83,60","86,22","88,83","91,43","94,05","96,66","99,26","101,89","104,50","107,10","109,72","112,33","113,12","113,90","114,68","115,48","116,25","117,04","117,81","118,61","119,38","120,16","121,63","125,55","129,47","133,39","137,32","141,24","145,16","149,08","153,01","156,93","160,85","164,78","168,71","172,63","176,55","180,47","184,39","188,32","192,24","196,16","200,08","204,01","207,93","211,86","215,78","219,71","223,63","227,55","231,47","235,40","239,32","243,24","247,16","251,09","255,01","258,94","262,86","266,79","270,71","274,63","3,4586"
CE, Fortaleza,"31,78","34,97","38,14","41,32","44,49","46,09","47,68","49,25","50,85","52,43","54,03","55,61","57,21","58,79","60,39","61,97","63,56","65,15","66,75","68,33","68,80","69,27","69,76","70,23","70,70","71,18","71,66","72,14","72,61","73,10","87,84","90,67","93,51","96,35","99,17","102,01","104,84","107,68","110,51","113,35","116,17","119,01","121,84","124,68","127,51","130,35","133,17","136,01","138,84","141,68","144,51","147,35","150,17","153,01","155,84","158,68","161,51","164,35","167,17","170,01","172,84","175,68","178,51","181,35","184,19","187,01","189,85","192,68","195,52","198,35","2,6024"
, Interior 0,"31,78","34,97","38,14","41,32","44,49","46,09","47,68","49,25","50,85","52,43","54,03","55,61","57,21","58,79","60,39","61,97","63,56","65,15","66,75","68,33","68,80","69,27","69,76","70,23","70,70","71,18","71,66","72,14","72,61","73,10","87,84","90,67","93,51","96,35","99,17","102,01","104,84","107,68","110,51","113,35","116,17","119,01","121,84","124,68","127,51","130,35","133,17","136,01","138,84","141,68","144,51","147,35","150,17","153,01","155,84","158,68","161,51","164,35","167,17","170,01","172,84","175,68","178,51","181,35","184,19","187,01","189,85","192,68","195,52","198,35","2,6024"
, Interior 1,"31,78","34,97","38,14","41,32","44,49","46,09","47,68","49,25","50,85","52,43","54,03","55,61","57,21","58,79","60,39","61,97","63,56","65,15","66,75","68,33","68,80","69,27","69,76","70,23","70,70","71,18","71,66","72,14","72,61","73,10","87,84","90,67","93,51","96,35","99,17","102,01","104,84","107,68","110,51","113,35","116,17","119,01","121,84","124,68","127,51","130,35","133,17","136,01","138,84","141,68","144,51","147,35","150,17","153,01","155,84","158,68","161,51","164,35","167,17","170,01","172,84","175,68","178,51","181,35","184,19","187,01","189,85","192,68","195,52","198,35","2,6024"
, Interior 2,"31,78","34,97","38,14","41,32","44,49","46,09","47,68","49,25","50,85","52,43","54,03","55,61","57,21","58,79","60,39","61,97","63,56","65,15","66,75","68,33","68,80","69,27","69,76","70,23","70,70","71,18","71,66","72,14","72,61","73,10","87,84","90,67","93,51","96,35","99,17","102,01","104,84","107,68","110,51","113,35","116,17","119,01","121,84","124,68","127,51","130,35","133,17","136,01","138,84","141,68","144,51","147,35","150,17","153,01","155,84","158,68","161,51","164,35","167,17","170,01","172,84","175,68","178,51","181,35","184,19","187,01","189,85","192,68","195,52","198,35","2,6024"
, Interior 3,"52,25","57,47","62,71","67,92","73,15","75,76","78,37","80,99","83,60","86,22","88,83","91,43","94,05","96,66","99,26","101,89","104,50","107,10","109,72","112,33","113,12","113,90","114,68","115,48","116,25","117,04","117,81","118,61","119,38","120,16","121,63","125,55","129,47","133,39","137,32","141,24","145,16","149,08","153,01","156,93","160,85","164,78","168,71","172,63","176,55","180,47","184,39","188,32","192,24","196,16","200,08","204,01","207,93","211,86","215,78","219,71","223,63","227,55","231,47","235,40","239,32","243,24","247,16","251,09","255,01","258,94","262,86","266,79","270,71","274,63","3,4586"
MA, São Luís,"35,65","39,21","42,75","46,33","49,89","51,68","53,46","55,25","57,03","58,81","60,59","62,37","64,16","65,93","67,70","69,48","71,27","73,05","74,83","76,61","77,16","77,68","78,22","78,76","79,29","79,82","80,36","80,91","81,43","81,96","96,85","99,98","103,11","106,23","109,36","112,48","115,60","118,73","121,85","124,97","128,09","131,23","134,35","137,47","140,60","143,72","146,84","149,97","153,09","156,21","159,34","162,47","165,59","168,72","171,84","174,96","178,09","181,21","184,33","187,46","190,59","193,71","196,84","199,96","203,08","206,21","209,33","212,45","215,58","218,70","2,8841"
, Interior 0,"35,65","39,21","42,75","46,33","49,89","51,68","53,46","55,25","57,03","58,81","60,59","62,37","64,16","65,93","67,70","69,48","71,27","73,05","74,83","76,61","77,16","77,68","78,22","78,76","79,29","79,82","80,36","80,91","81,43","81,96","96,85","99,98","103,11","106,23","109,36","112,48","115,60","118,73","121,85","124,97","128,09","131,23","134,35","137,47","140,60","143,72","146,84","149,97","153,09","156,21","159,34","162,47","165,59","168,72","171,84","174,96","178,09","181,21","184,33","187,46","190,59","193,71","196,84","199,96","203,08","206,21","209,33","212,45","215,58","218,70","2,8841"
, Interior 1,"35,65","39,21","42,75","46,33","49,89","51,68","53,46","55,25","57,03","58,81","60,59","62,37","64,16","65,93","67,70","69,48","71,27","73,05","74,83","76,61","77,16","77,68","78,22","78,76","79,29","79,82","80,36","80,91","81,43","81,96","96,85","99,98","103,11","106,23","109,36","112,48","115,60","118,73","121,85","124,97","128,09","131,23","134,35","137,47","140,60","143,72","146,84","149,97","153,09","156,21","159,34","162,47","165,59","168,72","171,84","174,96","178,09","181,21","184,33","187,46","190,59","193,71","196,84","199,96","203,08","206,21","209,33","212,45","215,58","218,70","2,8841"
, Interior 2,"35,65","39,21","42,75","46,33","49,89","51,68","53,46","55,25","57,03","58,81","60,59","62,37","64,16","65,93","67,70","69,48","71,27","73,05","74,83","76,61","77,16","77,68","78,22","78,76","79,29","79,82","80,36","80,91","81,43","81,96","96,85","99,98","103,11","106,23","109,36","112,48","115,60","118,73","121,85","124,97","128,09","131,23","134,35","137,47","140,60","143,72","146,84","149,97","153,09","156,21","159,34","162,47","165,59","168,72","171,84","174,96","178,09","181,21","184,33","187,46","190,59","193,71","196,84","199,96","203,08","206,21","209,33","212,45","215,58","218,70","2,8841"
, Interior 3,"52,25","57,47","62,71","67,92","73,15","75,76","78,37","80,99","83,60","86,22","88,83","91,43","94,05","96,66","99,26","101,89","104,50","107,10","109,72","112,33","113,12","113,90","114,68","115,48","116,25","117,04","117,81","118,61","119,38","120,16","121,63","125,55","129,47","133,39","137,32","141,24","145,16","149,08","153,01","156,93","160,85","164,78","168,71","172,63","176,55","180,47","184,39","188,32","192,24","196,16","200,08","204,01","207,93","211,86","215,78","219,71","223,63","227,55","231,47","235,40","239,32","243,24","247,16","251,09","255,01","258,94","262,86","266,79","270,71","274,63","3,4586"
PB, João Pessoa,"31,78","34,97","38,14","41,32","44,49","46,09","47,68","49,25","50,85","52,43","54,03","55,61","57,21","58,79","60,39","61,97","63,56","65,15","66,75","68,33","68,80","69,27","69,76","70,23","70,70","71,18","71,66","72,14","72,61","73,10","87,84","90,67","93,51","96,35","99,17","102,01","104,84","107,68","110,51","113,35","116,17","119,01","121,84","124,68","127,51","130,35","133,17","136,01","138,84","141,68","144,51","147,35","150,17","153,01","155,84","158,68","161,51","164,35","167,17","170,01","172,84","175,68","178,51","181,35","184,19","187,01","189,85","192,68","195,52","198,35","2,6024"
, Interior 0,"31,78","34,97","38,14","41,32","44,49","46,09","47,68","49,25","50,85","52,43","54,03","55,61","57,21","58,79","60,39","61,97","63,56","65,15","66,75","68,33","68,80","69,27","69,76","70,23","70,70","71,18","71,66","72,14","72,61","73,10","87,84","90,67","93,51","96,35","99,17","102,01","104,84","107,68","110,51","113,35","116,17","119,01","121,84","124,68","127,51","130,35","133,17","136,01","138,84","141,68","144,51","147,35","150,17","153,01","155,84","158,68","161,51","164,35","167,17","170,01","172,84","175,68","178,51","181,35","184,19","187,01","189,85","192,68","195,52","198,35","2,6024"
, Interior 2,"31,78","34,97","38,14","41,32","44,49","46,09","47,68","49,25","50,85","52,43","54,03","55,61","57,21","58,79","60,39","61,97","63,56","65,15","66,75","68,33","68,80","69,27","69,76","70,23","70,70","71,18","71,66","72,14","72,61","73,10","87,84","90,67","93,51","96,35","99,17","102,01","104,84","107,68","110,51","113,35","116,17","119,01","121,84","124,68","127,51","130,35","133,17","136,01","138,84","141,68","144,51","147,35","150,17","153,01","155,84","158,68","161,51","164,35","167,17","170,01","172,84","175,68","178,51","181,35","184,19","187,01","189,85","192,68","195,52","198,35","2,6024"
, Interior 3,"52,25","57,47","62,71","67,92","73,15","75,76","78,37","80,99","83,60","86,22","88,83","91,43","94,05","96,66","99,26","101,89","104,50","107,10","109,72","112,33","113,12","113,90","114,68","115,48","116,25","117,04","117,81","118,61","119,38","120,16","121,63","125,55","129,47","133,39","137,32","141,24","145,16","149,08","153,01","156,93","160,85","164,78","168,71","172,63","176,55","180,47","184,39","188,32","192,24","196,16","200,08","204,01","207,93","211,86","215,78","219,71","223,63","227,55","231,47","235,40","239,32","243,24","247,16","251,09","255,01","258,94","262,86","266,79","270,71","274,63","3,4586"
PE, Recife,"31,78","34,97","38,14","41,32","44,49","46,09","47,68","49,25","50,85","52,43","54,03","55,61","57,21","58,79","60,39","61,97","63,56","65,15","66,75","68,33","68,80","69,27","69,76","70,23","70,70","71,18","71,66","72,14","72,61","73,10","87,84","90,67","93,51","96,35","99,17","102,01","104,84","107,68","110,51","113,35","116,17","119,01","121,84","124,68","127,51","130,35","133,17","136,01","138,84","141,68","144,51","147,35","150,17","153,01","155,84","158,68","161,51","164,35","167,17","170,01","172,84","175,68","178,51","181,35","184,19","187,01","189,85","192,68","195,52","198,35","2,6024"
, Interior 0,"31,78","34,97","38,14","41,32","44,49","46,09","47,68","49,25","50,85","52,43","54,03","55,61","57,21","58,79","60,39","61,97","63,56","65,15","66,75","68,33","68,80","69,27","69,76","70,23","70,70","71,18","71,66","72,14","72,61","73,10","87,84","90,67","93,51","96,35","99,17","102,01","104,84","107,68","110,51","113,35","116,17","119,01","121,84","124,68","127,51","130,35","133,17","136,01","138,84","141,68","144,51","147,35","150,17","153,01","155,84","158,68","161,51","164,35","167,17","170,01","172,84","175,68","178,51","181,35","184,19","187,01","189,85","192,68","195,52","198,35","2,6024"
, Interior 1,"31,78","34,97","38,14","41,32","44,49","46,09","47,68","49,25","50,85","52,43","54,03","55,61","57,21","58,79","60,39","61,97","63,56","65,15","66,75","68,33","68,80","69,27","69,76","70,23","70,70","71,18","71,66","72,14","72,61","73,10","87,84","90,67","93,51","96,35","99,17","102,01","104,84","107,68","110,51","113,35","116,17","119,01","121,84","124,68","127,51","130,35","133,17","136,01","138,84","141,68","144,51","147,35","150,17","153,01","155,84","158,68","161,51","164,35","167,17","170,01","172,84","175,68","178,51","181,35","184,19","187,01","189,85","192,68","195,52","198,35","2,6024"
, Interior 2,"31,78","34,97","38,14","41,32","44,49","46,09","47,68","49,25","50,85","52,43","54,03","55,61","57,21","58,79","60,39","61,97","63,56","65,15","66,75","68,33","68,80","69,27","69,76","70,23","70,70","71,18","71,66","72,14","72,61","73,10","87,84","90,67","93,51","96,35","99,17","102,01","104,84","107,68","110,51","113,35","116,17","119,01","121,84","124,68","127,51","130,35","133,17","136,01","138,84","141,68","144,51","147,35","150,17","153,01","155,84","158,68","161,51","164,35","167,17","170,01","172,84","175,68","178,51","181,35","184,19","187,01","189,85","192,68","195,52","198,35","2,6024"
, Interior 3,"52,25","57,47","62,71","67,92","73,15","75,76","78,37","80,99","83,60","86,22","88,83","91,43","94,05","96,66","99,26","101,89","104,50","107,10","109,72","112,33","113,12","113,90","114,68","115,48","116,25","117,04","117,81","118,61","119,38","120,16","121,63","125,55","129,47","133,39","137,32","141,24","145,16","149,08","153,01","156,93","160,85","164,78","168,71","172,63","176,55","180,47","184,39","188,32","192,24","196,16","200,08","204,01","207,93","211,86","215,78","219,71","223,63","227,55","231,47","235,40","239,32","243,24","247,16","251,09","255,01","258,94","262,86","266,79","270,71","274,63","3,4586"
PI, Teresina,"35,65","39,21","42,75","46,33","49,89","51,68","53,46","55,25","57,03","58,81","60,59","62,37","64,16","65,93","67,70","69,48","71,27","73,05","74,83","76,61","77,16","77,68","78,22","78,76","79,29","79,82","80,36","80,91","81,43","81,96","96,85","99,98","103,11","106,23","109,36","112,48","115,60","118,73","121,85","124,97","128,09","131,23","134,35","137,47","140,60","143,72","146,84","149,97","153,09","156,21","159,34","162,47","165,59","168,72","171,84","174,96","178,09","181,21","184,33","187,46","190,59","193,71","196,84","199,96","203,08","206,21","209,33","212,45","215,58","218,70","2,8841"
, Interior 0,"35,65","39,21","42,75","46,33","49,89","51,68","53,46","55,25","57,03","58,81","60,59","62,37","64,16","65,93","67,70","69,48","71,27","73,05","74,83","76,61","77,16","77,68","78,22","78,76","79,29","79,82","80,36","80,91","81,43","81,96","96,85","99,98","103,11","106,23","109,36","112,48","115,60","118,73","121,85","124,97","128,09","131,23","134,35","137,47","140,60","143,72","146,84","149,97","153,09","156,21","159,34","162,47","165,59","168,72","171,84","174,96","178,09","181,21","184,33","187,46","190,59","193,71","196,84","199,96","203,08","206,21","209,33","212,45","215,58","218,70","2,8841"
, Interior 2,"35,65","39,21","42,75","46,33","49,89","51,68","53,46","55,25","57,03","58,81","60,59","62,37","64,16","65,93","67,70","69,48","71,27","73,05","74,83","76,61","77,16","77,68","78,22","78,76","79,29","79,82","80,36","80,91","81,43","81,96","96,85","99,98","103,11","106,23","109,36","112,48","115,60","118,73","121,85","124,97","128,09","131,23","134,35","137,47","140,60","143,72","146,84","149,97","153,09","156,21","159,34","162,47","165,59","168,72","171,84","174,96","178,09","181,21","184,33","187,46","190,59","193,71","196,84","199,96","203,08","206,21","209,33","212,45","215,58","218,70","2,8841"
, Interior 3,"52,25","57,47","62,71","67,92","73,15","75,76","78,37","80,99","83,60","86,22","88,83","91,43","94,05","96,66","99,26","101,89","104,50","107,10","109,72","112,33","113,12","113,90","114,68","115,48","116,25","117,04","117,81","118,61","119,38","120,16","121,63","125,55","129,47","133,39","137,32","141,24","145,16","149,08","153,01","156,93","160,85","164,78","168,71","172,63","176,55","180,47","184,39","188,32","192,24","196,16","200,08","204,01","207,93","211,86","215,78","219,71","223,63","227,55","231,47","235,40","239,32","243,24","247,16","251,09","255,01","258,94","262,86","266,79","270,71","274,63","3,4586"
RN, Natal,"31,78","34,97","38,14","41,32","44,49","46,09","47,68","49,25","50,85","52,43","54,03","55,61","57,21","58,79","60,39","61,97","63,56","65,15","66,75","68,33","68,80","69,27","69,76","70,23","70,70","71,18","71,66","72,14","72,61","73,10","87,84","90,67","93,51","96,35","99,17","102,01","104,84","107,68","110,51","113,35","116,17","119,01","121,84","124,68","127,51","130,35","133,17","136,01","138,84","141,68","144,51","147,35","150,17","153,01","155,84","158,68","161,51","164,35","167,17","170,01","172,84","175,68","178,51","181,35","184,19","187,01","189,85","192,68","195,52","198,35","2,6024"
, Interior 0,"31,78","34,97","38,14","41,32","44,49","46,09","47,68","49,25","50,85","52,43","54,03","55,61","57,21","58,79","60,39","61,97","63,56","65,15","66,75","68,33","68,80","69,27","69,76","70,23","70,70","71,18","71,66","72,14","72,61","73,10","87,84","90,67","93,51","96,35","99,17","102,01","104,84","107,68","110,51","113,35","116,17","119,01","121,84","124,68","127,51","130,35","133,17","136,01","138,84","141,68","144,51","147,35","150,17","153,01","155,84","158,68","161,51","164,35","167,17","170,01","172,84","175,68","178,51","181,35","184,19","187,01","189,85","192,68","195,52","198,35","2,6024"
, Interior 2,"31,78","34,97","38,14","41,32","44,49","46,09","47,68","49,25","50,85","52,43","54,03","55,61","57,21","58,79","60,39","61,97","63,56","65,15","66,75","68,33","68,80","69,27","69,76","70,23","70,70","71,18","71,66","72,14","72,61","73,10","87,84","90,67","93,51","96,35","99,17","102,01","104,84","107,68","110,51","113,35","116,17","119,01","121,84","124,68","127,51","130,35","133,17","136,01","138,84","141,68","144,51","147,35","150,17","153,01","155,84","158,68","161,51","164,35","167,17","170,01","172,84","175,68","178,51","181,35","184,19","187,01","189,85","192,68","195,52","198,35","2,6024"
, Interior 3,"52,25","57,47","62,71","67,92","73,15","75,76","78,37","80,99","83,60","86,22","88,83","91,43","94,05","96,66","99,26","101,89","104,50","107,10","109,72","112,33","113,12","113,90","114,68","115,48","116,25","117,04","117,81","118,61","119,38","120,16","121,63","125,55","129,47","133,39","137,32","141,24","145,16","149,08","153,01","156,93","160,85","164,78","168,71","172,63","176,55","180,47","184,39","188,32","192,24","196,16","200,08","204,01","207,93","211,86","215,78","219,71","223,63","227,55","231,47","235,40","239,32","243,24","247,16","251,09","255,01","258,94","262,86","266,79","270,71","274,63","3,4586"
SE, Aracajú,"31,78","34,97","38,14","41,32","44,49","46,09","47,68","49,25","50,85","52,43","54,03","55,61","57,21","58,79","60,39","61,97","63,56","65,15","66,75","68,33","68,80","69,27","69,76","70,23","70,70","71,18","71,66","72,14","72,61","73,10","87,84","90,67","93,51","96,35","99,17","102,01","104,84","107,68","110,51","113,35","116,17","119,01","121,84","124,68","127,51","130,35","133,17","136,01","138,84","141,68","144,51","147,35","150,17","153,01","155,84","158,68","161,51","164,35","167,17","170,01","172,84","175,68","178,51","181,35","184,19","187,01","189,85","192,68","195,52","198,35","2,6024"
, Interior 0,"31,78","34,97","38,14","41,32","44,49","46,09","47,68","49,25","50,85","52,43","54,03","55,61","57,21","58,79","60,39","61,97","63,56","65,15","66,75","68,33","68,80","69,27","69,76","70,23","70,70","71,18","71,66","72,14","72,61","73,10","87,84","90,67","93,51","96,35","99,17","102,01","104,84","107,68","110,51","113,35","116,17","119,01","121,84","124,68","127,51","130,35","133,17","136,01","138,84","141,68","144,51","147,35","150,17","153,01","155,84","158,68","161,51","164,35","167,17","170,01","172,84","175,68","178,51","181,35","184,19","187,01","189,85","192,68","195,52","198,35","2,6024"
, Interior 2,"31,78","34,97","38,14","41,32","44,49","46,09","47,68","49,25","50,85","52,43","54,03","55,61","57,21","58,79","60,39","61,97","63,56","65,15","66,75","68,33","68,80","69,27","69,76","70,23","70,70","71,18","71,66","72,14","72,61","73,10","87,84","90,67","93,51","96,35","99,17","102,01","104,84","107,68","110,51","113,35","116,17","119,01","121,84","124,68","127,51","130,35","133,17","136,01","138,84","141,68","144,51","147,35","150,17","153,01","155,84","158,68","161,51","164,35","167,17","170,01","172,84","175,68","178,51","181,35","184,19","187,01","189,85","192,68","195,52","198,35","2,6024"
AC, Rio Branco,"31,78","34,97","38,14","41,32","44,49","46,09","47,68","49,25","50,85","52,43","54,03","55,61","57,21","58,79","60,39","61,97","63,56","65,15","66,75","68,33","68,80","69,27","69,76","70,23","70,70","71,18","71,66","72,14","72,61","73,10","87,84","90,67","93,51","96,35","99,17","102,01","104,84","107,68","110,51","113,35","116,17","119,01","121,84","124,68","127,51","130,35","133,17","136,01","138,84","141,68","144,51","147,35","150,17","153,01","155,84","158,68","161,51","164,35","167,17","170,01","172,84","175,68","178,51","181,35","184,19","187,01","189,85","192,68","195,52","198,35","2,6024"
, Interior 0,"31,78","34,97","38,14","41,32","44,49","46,09","47,68","49,25","50,85","52,43","54,03","55,61","57,21","58,79","60,39","61,97","63,56","65,15","66,75","68,33","68,80","69,27","69,76","70,23","70,70","71,18","71,66","72,14","72,61","73,10","87,84","90,67","93,51","96,35","99,17","102,01","104,84","107,68","110,51","113,35","116,17","119,01","121,84","124,68","127,51","130,35","133,17","136,01","138,84","141,68","144,51","147,35","150,17","153,01","155,84","158,68","161,51","164,35","167,17","170,01","172,84","175,68","178,51","181,35","184,19","187,01","189,85","192,68","195,52","198,35","2,6024"
, Interior 2,"31,78","34,97","38,14","41,32","44,49","46,09","47,68","49,25","50,85","52,43","54,03","55,61","57,21","58,79","60,39","61,97","63,56","65,15","66,75","68,33","68,80","69,27","69,76","70,23","70,70","71,18","71,66","72,14","72,61","73,10","87,84","90,67","93,51","96,35","99,17","102,01","104,84","107,68","110,51","113,35","116,17","119,01","121,84","124,68","127,51","130,35","133,17","136,01","138,84","141,68","144,51","147,35","150,17","153,01","155,84","158,68","161,51","164,35","167,17","170,01","172,84","175,68","178,51","181,35","184,19","187,01","189,85","192,68","195,52","198,35","2,6024"
, Interior 3,"52,25","57,47","62,71","67,92","73,15","75,76","78,37","80,99","83,60","86,22","88,83","91,43","94,05","96,66","99,26","101,89","104,50","107,10","109,72","112,33","113,12","113,90","114,68","115,48","116,25","117,04","117,81","118,61","119,38","120,16","121,63","125,55","129,47","133,39","137,32","141,24","145,16","149,08","153,01","156,93","160,85","164,78","168,71","172,63","176,55","180,47","184,39","188,32","192,24","196,16","200,08","204,01","207,93","211,86","215,78","219,71","223,63","227,55","231,47","235,40","239,32","243,24","247,16","251,09","255,01","258,94","262,86","266,79","270,71","274,63","3,4586"
, Fluvial 1,"145,27","159,81","174,34","188,87","203,38","210,66","217,92","225,18","232,44","239,70","246,98","254,24","261,50","268,77","276,04","283,29","290,55","297,83","305,08","312,36","314,52","316,71","318,89","321,07","323,24","325,44","327,60","329,78","331,96","334,15","342,58","353,64","364,69","375,74","386,79","397,84","408,88","419,94","430,99","442,04","453,09","464,14","475,20","486,25","497,30","508,35","519,40","530,45","541,51","552,56","563,60","574,65","585,70","596,75","607,81","618,86","629,91","640,96","652,01","663,07","674,12","685,17","696,22","707,27","718,33","729,37","740,42","751,47","762,52","773,57","9,768"
AM, Manaus,"35,65","39,21","42,75","46,33","49,89","51,68","53,46","55,25","57,03","58,81","60,59","62,37","64,16","65,93","67,70","69,48","71,27","73,05","74,83","76,61","77,16","77,68","78,22","78,76","79,29","79,82","80,36","80,91","81,43","81,96","96,85","99,98","103,11","106,23","109,36","112,48","115,60","118,73","121,85","124,97","128,09","131,23","134,35","137,47","140,60","143,72","146,84","149,97","153,09","156,21","159,34","162,47","165,59","168,72","171,84","174,96","178,09","181,21","184,33","187,46","190,59","193,71","196,84","199,96","203,08","206,21","209,33","212,45","215,58","218,70","2,8841"
, Interior 0,"35,65","39,21","42,75","46,33","49,89","51,68","53,46","55,25","57,03","58,81","60,59","62,37","64,16","65,93","67,70","69,48","71,27","73,05","74,83","76,61","77,16","77,68","78,22","78,76","79,29","79,82","80,36","80,91","81,43","81,96","96,85","99,98","103,11","106,23","109,36","112,48","115,60","118,73","121,85","124,97","128,09","131,23","134,35","137,47","140,60","143,72","146,84","149,97","153,09","156,21","159,34","162,47","165,59","168,72","171,84","174,96","178,09","181,21","184,33","187,46","190,59","193,71","196,84","199,96","203,08","206,21","209,33","212,45","215,58","218,70","2,8841"
, Interior 2,"35,65","39,21","42,75","46,33","49,89","51,68","53,46","55,25","57,03","58,81","60,59","62,37","64,16","65,93","67,70","69,48","71,27","73,05","74,83","76,61","77,16","77,68","78,22","78,76","79,29","79,82","80,36","80,91","81,43","81,96","96,85","99,98","103,11","106,23","109,36","112,48","115,60","118,73","121,85","124,97","128,09","131,23","134,35","137,47","140,60","143,72","146,84","149,97","153,09","156,21","159,34","162,47","165,59","168,72","171,84","174,96","178,09","181,21","184,33","187,46","190,59","193,71","196,84","199,96","203,08","206,21","209,33","212,45","215,58","218,70","2,8841"
, Interior 3,"52,25","57,47","62,71","67,92","73,15","75,76","78,37","80,99","83,60","86,22","88,83","91,43","94,05","96,66","99,26","101,89","104,50","107,10","109,72","112,33","113,12","113,90","114,68","115,48","116,25","117,04","117,81","118,61","119,38","120,16","121,63","125,55","129,47","133,39","137,32","141,24","145,16","149,08","153,01","156,93","160,85","164,78","168,71","172,63","176,55","180,47","184,39","188,32","192,24","196,16","200,08","204,01","207,93","211,86","215,78","219,71","223,63","227,55","231,47","235,40","239,32","243,24","247,16","251,09","255,01","258,94","262,86","266,79","270,71","274,63","3,4586"
, Fluvial 1,"145,27","159,81","174,34","188,87","203,38","210,66","217,92","225,18","232,44","239,70","246,98","254,24","261,50","268,77","276,04","283,29","290,55","297,83","305,08","312,36","314,52","316,71","318,89","321,07","323,24","325,44","327,60","329,78","331,96","334,15","342,58","353,64","364,69","375,74","386,79","397,84","408,88","419,94","430,99","442,04","453,09","464,14","475,20","486,25","497,30","508,35","519,40","530,45","541,51","552,56","563,60","574,65","585,70","596,75","607,81","618,86","629,91","640,96","652,01","663,07","674,12","685,17","696,22","707,27","718,33","729,37","740,42","751,47","762,52","773,57","9,768"
, Fluvial 2,"145,27","159,81","174,34","188,87","203,38","210,66","217,92","225,18","232,44","239,70","246,98","254,24","261,50","268,77","276,04","283,29","290,55","297,83","305,08","312,36","314,52","316,71","318,89","321,07","323,24","325,44","327,60","329,78","331,96","334,15","342,58","353,64","364,69","375,74","386,79","397,84","408,88","419,94","430,99","442,04","453,09","464,14","475,20","486,25","497,30","508,35","519,40","530,45","541,51","552,56","563,60","574,65","585,70","596,75","607,81","618,86","629,91","640,96","652,01","663,07","674,12","685,17","696,22","707,27","718,33","729,37","740,42","751,47","762,52","773,57","9,768"
AP, Macapá,"35,65","39,21","42,75","46,33","49,89","51,68","53,46","55,25","57,03","58,81","60,59","62,37","64,16","65,93","67,70","69,48","71,27","73,05","74,83","76,61","77,16","77,68","78,22","78,76","79,29","79,82","80,36","80,91","81,43","81,96","96,85","99,98","103,11","106,23","109,36","112,48","115,60","118,73","121,85","124,97","128,09","131,23","134,35","137,47","140,60","143,72","146,84","149,97","153,09","156,21","159,34","162,47","165,59","168,72","171,84","174,96","178,09","181,21","184,33","187,46","190,59","193,71","196,84","199,96","203,08","206,21","209,33","212,45","215,58","218,70","2,8841"
, Fluvial 1,"145,27","159,81","174,34","188,87","203,38","210,66","217,92","225,18","232,44","239,70","246,98","254,24","261,50","268,77","276,04","283,29","290,55","297,83","305,08","312,36","314,52","316,71","318,89","321,07","323,24","325,44","327,60","329,78","331,96","334,15","342,58","353,64","364,69","375,74","386,79","397,84","408,88","419,94","430,99","442,04","453,09","464,14","475,20","486,25","497,30","508,35","519,40","530,45","541,51","552,56","563,60","574,65","585,70","596,75","607,81","618,86","629,91","640,96","652,01","663,07","674,12","685,17","696,22","707,27","718,33","729,37","740,42","751,47","762,52","773,57","9,768"
, Fluvial 2,"145,27","159,81","174,34","188,87","203,38","210,66","217,92","225,18","232,44","239,70","246,98","254,24","261,50","268,77","276,04","283,29","290,55","297,83","305,08","312,36","314,52","316,71","318,89","321,07","323,24","325,44","327,60","329,78","331,96","334,15","342,58","353,64","364,69","375,74","386,79","397,84","408,88","419,94","430,99","442,04","453,09","464,14","475,20","486,25","497,30","508,35","519,40","530,45","541,51","552,56","563,60","574,65","585,70","596,75","607,81","618,86","629,91","640,96","652,01","663,07","674,12","685,17","696,22","707,27","718,33","729,37","740,42","751,47","762,52","773,57","9,768"
PA, Belém,"35,65","39,21","42,75","46,33","49,89","51,68","53,46","55,25","57,03","58,81","60,59","62,37","64,16","65,93","67,70","69,48","71,27","73,05","74,83","76,61","77,16","77,68","78,22","78,76","79,29","79,82","80,36","80,91","81,43","81,96","96,85","99,98","103,11","106,23","109,36","112,48","115,60","118,73","121,85","124,97","128,09","131,23","134,35","137,47","140,60","143,72","146,84","149,97","153,09","156,21","159,34","162,47","165,59","168,72","171,84","174,96","178,09","181,21","184,33","187,46","190,59","193,71","196,84","199,96","203,08","206,21","209,33","212,45","215,58","218,70","2,8841"
, Interior 0,"35,65","39,21","42,75","46,33","49,89","51,68","53,46","55,25","57,03","58,81","60,59","62,37","64,16","65,93","67,70","69,48","71,27","73,05","74,83","76,61","77,16","77,68","78,22","78,76","79,29","79,82","80,36","80,91","81,43","81,96","96,85","99,98","103,11","106,23","109,36","112,48","115,60","118,73","121,85","124,97","128,09","131,23","134,35","137,47","140,60","143,72","146,84","149,97","153,09","156,21","159,34","162,47","165,59","168,72","171,84","174,96","178,09","181,21","184,33","187,46","190,59","193,71","196,84","199,96","203,08","206,21","209,33","212,45","215,58","218,70","2,8841"
, Interior 1,"35,65","39,21","42,75","46,33","49,89","51,68","53,46","55,25","57,03","58,81","60,59","62,37","64,16","65,93","67,70","69,48","71,27","73,05","74,83","76,61","77,16","77,68","78,22","78,76","79,29","79,82","80,36","80,91","81,43","81,96","96,85","99,98","103,11","106,23","109,36","112,48","115,60","118,73","121,85","124,97","128,09","131,23","134,35","137,47","140,60","143,72","146,84","149,97","153,09","156,21","159,34","162,47","165,59","168,72","171,84","174,96","178,09","181,21","184,33","187,46","190,59","193,71","196,84","199,96","203,08","206,21","209,33","212,45","215,58","218,70","2,8841"
, Interior 2,"35,65","39,21","42,75","46,33","49,89","51,68","53,46","55,25","57,03","58,81","60,59","62,37","64,16","65,93","67,70","69,48","71,27","73,05","74,83","76,61","77,16","77,68","78,22","78,76","79,29","79,82","80,36","80,91","81,43","81,96","96,85","99,98","103,11","106,23","109,36","112,48","115,60","118,73","121,85","124,97","128,09","131,23","134,35","137,47","140,60","143,72","146,84","149,97","153,09","156,21","159,34","162,47","165,59","168,72","171,84","174,96","178,09","181,21","184,33","187,46","190,59","193,71","196,84","199,96","203,08","206,21","209,33","212,45","215,58","218,70","2,8841"
, Interior 3,"52,25","57,47","62,71","67,92","73,15","75,76","78,37","80,99","83,60","86,22","88,83","91,43","94,05","96,66","99,26","101,89","104,50","107,10","109,72","112,33","113,12","113,90","114,68","115,48","116,25","117,04","117,81","118,61","119,38","120,16","121,63","125,55","129,47","133,39","137,32","141,24","145,16","149,08","153,01","156,93","160,85","164,78","168,71","172,63","176,55","180,47","184,39","188,32","192,24","196,16","200,08","204,01","207,93","211,86","215,78","219,71","223,63","227,55","231,47","235,40","239,32","243,24","247,16","251,09","255,01","258,94","262,86","266,79","270,71","274,63","3,4586"
, Fluvial 1,"145,27","159,81","174,34","188,87","203,38","210,66","217,92","225,18","232,44","239,70","246,98","254,24","261,50","268,77","276,04","283,29","290,55","297,83","305,08","312,36","314,52","316,71","318,89","321,07","323,24","325,44","327,60","329,78","331,96","334,15","342,58","353,64","364,69","375,74","386,79","397,84","408,88","419,94","430,99","442,04","453,09","464,14","475,20","486,25","497,30","508,35","519,40","530,45","541,51","552,56","563,60","574,65","585,70","596,75","607,81","618,86","629,91","640,96","652,01","663,07","674,12","685,17","696,22","707,27","718,33","729,37","740,42","751,47","762,52","773,57","9,768"
RO, Porto Velho,"31,78","34,97","38,14","41,32","44,49","46,09","47,68","49,25","50,85","52,43","54,03","55,61","57,21","58,79","60,39","61,97","63,56","65,15","66,75","68,33","68,80","69,27","69,76","70,23","70,70","71,18","71,66","72,14","72,61","73,10","87,84","90,67","93,51","96,35","99,17","102,01","104,84","107,68","110,51","113,35","116,17","119,01","121,84","124,68","127,51","130,35","133,17","136,01","138,84","141,68","144,51","147,35","150,17","153,01","155,84","158,68","161,51","164,35","167,17","170,01","172,84","175,68","178,51","181,35","184,19","187,01","189,85","192,68","195,52","198,35","2,6024"
, Interior 0,"31,78","34,97","38,14","41,32","44,49","46,09","47,68","49,25","50,85","52,43","54,03","55,61","57,21","58,79","60,39","61,97","63,56","65,15","66,75","68,33","68,80","69,27","69,76","70,23","70,70","71,18","71,66","72,14","72,61","73,10","87,84","90,67","93,51","96,35","99,17","102,01","104,84","107,68","110,51","113,35","116,17","119,01","121,84","124,68","127,51","130,35","133,17","136,01","138,84","141,68","144,51","147,35","150,17","153,01","155,84","158,68","161,51","164,35","167,17","170,01","172,84","175,68","178,51","181,35","184,19","187,01","189,85","192,68","195,52","198,35","2,6024"
, Interior 1,"31,78","34,97","38,14","41,32","44,49","46,09","47,68","49,25","50,85","52,43","54,03","55,61","57,21","58,79","60,39","61,97","63,56","65,15","66,75","68,33","68,80","69,27","69,76","70,23","70,70","71,18","71,66","72,14","72,61","73,10","87,84","90,67","93,51","96,35","99,17","102,01","104,84","107,68","110,51","113,35","116,17","119,01","121,84","124,68","127,51","130,35","133,17","136,01","138,84","141,68","144,51","147,35","150,17","153,01","155,84","158,68","161,51","164,35","167,17","170,01","172,84","175,68","178,51","181,35","184,19","187,01","189,85","192,68","195,52","198,35","2,6024"
, Interior 2,"31,78","34,97","38,14","41,32","44,49","46,09","47,68","49,25","50,85","52,43","54,03","55,61","57,21","58,79","60,39","61,97","63,56","65,15","66,75","68,33","68,80","69,27","69,76","70,23","70,70","71,18","71,66","72,14","72,61","73,10","87,84","90,67","93,51","96,35","99,17","102,01","104,84","107,68","110,51","113,35","116,17","119,01","121,84","124,68","127,51","130,35","133,17","136,01","138,84","141,68","144,51","147,35","150,17","153,01","155,84","158,68","161,51","164,35","167,17","170,01","172,84","175,68","178,51","181,35","184,19","187,01","189,85","192,68","195,52","198,35","2,6024"
, Interior 3,"52,25","57,47","62,71","67,92","73,15","75,76","78,37","80,99","83,60","86,22","88,83","91,43","94,05","96,66","99,26","101,89","104,50","107,10","109,72","112,33","113,12","113,90","114,68","115,48","116,25","117,04","117,81","118,61","119,38","120,16","121,63","125,55","129,47","133,39","137,32","141,24","145,16","149,08","153,01","156,93","160,85","164,78","168,71","172,63","176,55","180,47","184,39","188,32","192,24","196,16","200,08","204,01","207,93","211,86","215,78","219,71","223,63","227,55","231,47","235,40","239,32","243,24","247,16","251,09","255,01","258,94","262,86","266,79","270,71","274,63","3,4586"
RR, Boa Vista,"35,65","39,21","42,75","46,33","49,89","51,68","53,46","55,25","57,03","58,81","60,59","62,37","64,16","65,93","67,70","69,48","71,27","73,05","74,83","76,61","77,16","77,68","78,22","78,76","79,29","79,82","80,36","80,91","81,43","81,96","96,85","99,98","103,11","106,23","109,36","112,48","115,60","118,73","121,85","124,97","128,09","131,23","134,35","137,47","140,60","143,72","146,84","149,97","153,09","156,21","159,34","162,47","165,59","168,72","171,84","174,96","178,09","181,21","184,33","187,46","190,59","193,71","196,84","199,96","203,08","206,21","209,33","212,45","215,58","218,70","2,8841"
, Interior 0,"35,65","39,21","42,75","46,33","49,89","51,68","53,46","55,25","57,03","58,81","60,59","62,37","64,16","65,93","67,70","69,48","71,27","73,05","74,83","76,61","77,16","77,68","78,22","78,76","79,29","79,82","80,36","80,91","81,43","81,96","96,85","99,98","103,11","106,23","109,36","112,48","115,60","118,73","121,85","124,97","128,09","131,23","134,35","137,47","140,60","143,72","146,84","149,97","153,09","156,21","159,34","162,47","165,59","168,72","171,84","174,96","178,09","181,21","184,33","187,46","190,59","193,71","196,84","199,96","203,08","206,21","209,33","212,45","215,58","218,70","2,8841"
, Interior 2,"35,65","39,21","42,75","46,33","49,89","51,68","53,46","55,25","57,03","58,81","60,59","62,37","64,16","65,93","67,70","69,48","71,27","73,05","74,83","76,61","77,16","77,68","78,22","78,76","79,29","79,82","80,36","80,91","81,43","81,96","96,85","99,98","103,11","106,23","109,36","112,48","115,60","118,73","121,85","124,97","128,09","131,23","134,35","137,47","140,60","143,72","146,84","149,97","153,09","156,21","159,34","162,47","165,59","168,72","171,84","174,96","178,09","181,21","184,33","187,46","190,59","193,71","196,84","199,96","203,08","206,21","209,33","212,45","215,58","218,70","2,8841"
, Interior 3,"52,25","57,47","62,71","67,92","73,15","75,76","78,37","80,99","83,60","86,22","88,83","91,43","94,05","96,66","99,26","101,89","104,50","107,10","109,72","112,33","113,12","113,90","114,68","115,48","116,25","117,04","117,81","118,61","119,38","120,16","121,63","125,55","129,47","133,39","137,32","141,24","145,16","149,08","153,01","156,93","160,85","164,78","168,71","172,63","176,55","180,47","184,39","188,32","192,24","196,16","200,08","204,01","207,93","211,86","215,78","219,71","223,63","227,55","231,47","235,40","239,32","243,24","247,16","251,09","255,01","258,94","262,86","266,79","270,71","274,63","3,4586"